{"player_name":"Moss","player_accounts":{"section1_cashs":100000.0,"section2_cashs":100000.0,"section3_cashs":100000.0,"section4_cashs":100000.0,"section5_cashs":100000.0,"gold":0.0},"financial_detail":{"balance":427850.0,"debt":0.0},"accountsDetails":[],"myStatic":{"static_useEnergy":60.0,"static_spendVAT":0.0,"static_spendBuy":0.0,"static_spendSell":0.0,"static_distanceWalk":51.67686462402344,"static_stability":1437.575927734375,"static_happy":0.005167686380445957,"static_credibility":0.0,"static_healthy":0.05167686566710472,"static_risk":0.0},"account_id":"","MaxHP":90,"HP":90,"MaxEnergy":10000,"Energy":9940,"IsDead":false,"position_player":[0.015909358859062196,-1.945998191833496,0.0]}