{"defaultMoveSpeed":4.150000095367432,"walk_distance":7540.0,"iswalk":false,"isDashButtonDown":false,"energy_for_walk":5,"strength":1500.0,"weight_player":1.1200000047683716}