{"player_name":"Moss","player_accounts":{"section1_cashs":100000.0,"section2_cashs":100000.0,"section3_cashs":100000.0,"section4_cashs":100000.0,"section5_cashs":100000.0,"gold":0.0},"financial_detail":{"balance":427850.0,"debt":0.0},"accountsDetails":[],"myStatic":{"static_useEnergy":5.0,"static_spendVAT":0.0,"static_spendBuy":0.0,"static_spendSell":0.0,"static_distanceWalk":10.017573356628418,"static_stability":1437.575927734375,"static_happy":0.0010017573367804289,"static_credibility":0.0,"static_healthy":0.010017572902143002,"static_risk":0.0},"account_id":"","MaxHP":90,"HP":90,"MaxEnergy":10000,"Energy":9995,"IsDead":false,"position_player":[-16.69417381286621,2.031198740005493,0.0]}