{"defaultMoveSpeed":4.150000095367432,"walk_distance":5750.0,"iswalk":false,"isDashButtonDown":true,"energy_for_walk":5,"strength":1500.0,"weight_player":0.09999999403953552}