{"player_name":"Moss","player_accounts":{"section1_cashs":100000.0,"section2_cashs":100000.0,"section3_cashs":100000.0,"section4_cashs":100000.0,"section5_cashs":100000.0,"gold":0.0},"financial_detail":{"balance":427850.0,"debt":0.0},"accountsDetails":[],"myStatic":{"static_useEnergy":10.0,"static_spendVAT":0.0,"static_spendBuy":0.0,"static_spendSell":0.0,"static_distanceWalk":155.42404174804688,"static_stability":1437.575927734375,"static_happy":0.015542403794825077,"static_credibility":0.0,"static_healthy":0.15542404353618623,"static_risk":0.0},"account_id":"","MaxHP":90,"HP":90,"MaxEnergy":10000,"Energy":9990,"IsDead":false,"position_player":[-73.90756225585938,-8.857046127319336,0.0]}