{"player_name":"Moss","player_accounts":{"section1_cashs":100000.0,"section2_cashs":100000.0,"section3_cashs":100000.0,"section4_cashs":100000.0,"section5_cashs":100000.0,"gold":0.0},"financial_detail":{"balance":427850.0,"debt":0.0},"accountsDetails":[],"myStatic":{"static_useEnergy":160.0,"static_spendVAT":0.0,"static_spendBuy":0.0,"static_spendSell":0.0,"static_distanceWalk":97.51070404052735,"static_stability":1437.575927734375,"static_happy":0.00975107029080391,"static_credibility":0.0,"static_healthy":0.09751070290803909,"static_risk":0.0},"account_id":"","MaxHP":10000,"HP":90,"MaxEnergy":10000,"Energy":9840,"IsDead":false,"position_player":[-4.988640785217285,-3.2760653495788576,0.0]}